8722,0.59,-0.35,-12.97,-0.02,-0.03,-0.00
8916,0.60,-0.39,-12.94,-0.02,-0.03,-0.00
9041,0.60,-0.38,-12.92,-0.02,-0.04,-0.00
9165,0.62,-0.40,-12.92,-0.02,-0.04,-0.00
9289,0.61,-0.38,-12.93,-0.02,-0.03,-0.00
9414,0.61,-0.38,-12.92,-0.02,-0.04,-0.00
9538,0.61,-0.39,-12.95,-0.02,-0.03,-0.00
9662,0.61,-0.37,-12.93,-0.02,-0.03,-0.00
9787,0.61,-0.38,-12.93,-0.02,-0.04,-0.00
9911,0.62,-0.37,-12.96,-0.02,-0.04,-0.00
10035,0.60,-0.38,-12.95,-0.02,-0.03,-0.00
10159,0.60,-0.38,-12.93,-0.02,-0.04,-0.00
10317,0.60,-0.37,-12.93,-0.02,-0.04,-0.00
10442,0.61,-0.38,-12.92,-0.02,-0.03,-0.00
10566,0.61,-0.38,-12.95,-0.02,-0.04,-0.00
10691,0.59,-0.36,-12.93,-0.02,-0.03,-0.00
10815,0.60,-0.38,-12.95,-0.02,-0.03,-0.00
10939,0.59,-0.37,-12.94,-0.02,-0.04,-0.00
11064,0.59,-0.37,-12.91,-0.02,-0.03,-0.00
11188,0.61,-0.38,-12.92,-0.02,-0.03,-0.00
11312,0.61,-0.37,-12.93,-0.02,-0.04,-0.00
11437,0.59,-0.37,-12.91,-0.02,-0.03,-0.00
11561,0.60,-0.37,-12.94,-0.02,-0.03,-0.00
11685,0.60,-0.37,-12.91,-0.02,-0.03,-0.00
11810,0.59,-0.37,-12.94,-0.02,-0.04,-0.00
11934,0.60,-0.37,-12.93,-0.02,-0.04,-0.00
12059,0.59,-0.36,-12.96,-0.02,-0.04,-0.00
12183,0.60,-0.38,-12.93,-0.02,-0.04,-0.00
12307,0.61,-0.36,-12.95,-0.02,-0.03,0.00
12432,0.59,-0.38,-12.93,-0.02,-0.03,-0.00
12556,0.61,-0.36,-12.94,-0.02,-0.04,-0.00
12680,0.61,-0.38,-12.95,-0.02,-0.03,-0.00
12805,0.60,-0.39,-12.96,-0.02,-0.03,-0.00
12929,0.60,-0.38,-12.96,-0.02,-0.03,-0.00
13053,0.60,-0.39,-12.92,-0.02,-0.04,-0.00
13178,0.61,-0.37,-12.92,-0.02,-0.04,-0.00
13302,0.61,-0.36,-12.92,-0.02,-0.04,-0.00
13426,0.61,-0.38,-12.95,-0.02,-0.04,-0.00
13551,0.59,-0.38,-12.92,-0.02,-0.04,-0.00
13675,0.60,-0.36,-12.93,-0.02,-0.03,-0.00
13799,0.60,-0.38,-12.93,-0.02,-0.03,-0.00
13923,0.61,-0.39,-12.93,-0.02,-0.04,-0.00
14047,0.60,-0.37,-12.96,-0.02,-0.03,-0.00
14171,0.59,-0.39,-12.95,-0.02,-0.04,-0.00
14295,0.59,-0.38,-12.91,-0.02,-0.04,-0.00
14420,0.62,-0.38,-12.96,-0.02,-0.03,-0.00
14544,0.61,-0.38,-12.93,-0.02,-0.04,-0.00
14668,0.61,-0.38,-12.93,-0.02,-0.03,-0.00
14793,0.61,-0.37,-12.96,-0.02,-0.04,-0.00
14917,0.61,-0.38,-12.94,-0.02,-0.03,-0.00
15041,0.61,-0.37,-12.96,-0.02,-0.04,-0.00
15166,0.61,-0.38,-12.94,-0.02,-0.03,-0.00
15290,0.60,-0.38,-12.93,-0.02,-0.04,-0.00
15414,0.60,-0.38,-12.94,-0.02,-0.03,-0.00
15539,0.58,-0.36,-12.94,-0.02,-0.03,-0.00
15663,0.60,-0.35,-12.93,-0.02,-0.03,-0.00
15787,0.60,-0.37,-12.94,-0.02,-0.03,-0.00
15912,0.62,-0.36,-12.93,-0.02,-0.03,-0.00
16036,0.60,-0.39,-12.94,-0.02,-0.04,-0.00
16160,0.61,-0.38,-12.94,-0.02,-0.03,-0.00
16285,0.60,-0.38,-12.91,-0.02,-0.03,-0.00
16409,0.62,-0.39,-12.96,-0.02,-0.03,-0.00
16534,0.60,-0.36,-12.92,-0.02,-0.03,-0.00
16691,0.62,-0.35,-12.95,-0.02,-0.03,-0.00
16816,0.60,-0.38,-12.93,-0.02,-0.03,-0.00
16940,0.60,-0.36,-12.95,-0.02,-0.03,-0.00
17064,0.62,-0.37,-12.91,-0.02,-0.03,-0.00
17189,0.62,-0.38,-12.93,-0.02,-0.04,-0.00
17313,0.61,-0.36,-12.93,-0.02,-0.04,-0.00
17437,0.61,-0.38,-12.95,-0.02,-0.03,-0.00
17562,0.60,-0.39,-12.95,-0.02,-0.03,-0.00
17686,0.60,-0.36,-12.96,-0.02,-0.03,-0.00
17811,0.59,-0.37,-12.94,-0.02,-0.04,-0.00
17935,0.62,-0.37,-12.96,-0.02,-0.04,-0.00
18093,0.61,-0.37,-12.95,-0.02,-0.04,-0.00
18217,0.61,-0.39,-12.94,-0.02,-0.03,-0.00
18342,0.60,-0.39,-12.94,-0.02,-0.04,-0.00
18466,0.59,-0.38,-12.93,-0.02,-0.04,-0.00
18590,0.60,-0.36,-12.94,-0.02,-0.04,-0.00
18715,0.61,-0.38,-12.93,-0.02,-0.04,-0.00
18839,0.60,-0.37,-12.96,-0.02,-0.03,-0.00
18963,0.59,-0.38,-12.94,-0.02,-0.04,-0.00
19088,0.62,-0.37,-12.90,-0.02,-0.04,-0.00
19212,0.59,-0.36,-12.95,-0.02,-0.04,-0.00
19336,0.61,-0.37,-12.92,-0.02,-0.04,-0.00
19460,0.61,-0.37,-12.95,-0.02,-0.04,-0.00
19585,0.60,-0.37,-12.92,-0.02,-0.03,-0.00
19709,0.61,-0.38,-12.95,-0.02,-0.03,-0.00
19833,0.60,-0.37,-12.93,-0.02,-0.03,-0.00
19957,0.61,-0.38,-12.96,-0.02,-0.04,-0.00
20081,0.61,-0.38,-12.95,-0.02,-0.03,-0.00
20205,0.60,-0.35,-12.95,-0.02,-0.03,-0.00
20330,0.63,-0.37,-12.93,-0.02,-0.04,-0.00
20454,0.61,-0.38,-12.92,-0.02,-0.03,-0.00
20578,0.62,-0.38,-12.94,-0.02,-0.03,-0.00
20702,0.61,-0.39,-12.92,-0.02,-0.03,-0.00
20830,0.59,-0.38,-12.96,-0.02,-0.03,-0.00
20954,0.61,-0.37,-12.93,-0.02,-0.03,-0.00
21079,0.61,-0.37,-12.93,-0.02,-0.04,-0.00
21203,0.59,-0.39,-12.90,-0.02,-0.04,-0.00
21327,0.60,-0.36,-12.96,-0.02,-0.04,-0.00
21452,0.61,-0.38,-12.92,-0.02,-0.03,-0.00
21576,0.60,-0.39,-12.96,-0.02,-0.04,-0.00
21700,0.60,-0.38,-12.93,-0.02,-0.03,-0.00
21825,0.62,-0.37,-12.97,-0.02,-0.04,-0.00
21949,0.60,-0.38,-12.90,-0.02,-0.04,-0.00
22073,0.59,-0.38,-12.93,-0.02,-0.03,-0.00
22198,0.59,-0.37,-12.93,-0.02,-0.04,-0.00
22322,0.62,-0.37,-12.99,-0.02,-0.03,-0.00
22447,0.61,-0.39,-12.94,-0.02,-0.03,-0.00
22571,0.60,-0.37,-12.92,-0.02,-0.03,-0.00
22695,0.60,-0.36,-12.92,-0.02,-0.03,-0.00
22820,0.62,-0.37,-12.92,-0.02,-0.04,-0.00
22944,0.61,-0.37,-12.95,-0.02,-0.04,-0.00
23068,0.61,-0.38,-12.91,-0.02,-0.04,-0.00
23193,0.61,-0.37,-12.93,-0.02,-0.04,-0.00
23317,0.61,-0.35,-12.94,-0.02,-0.03,-0.00
23441,0.61,-0.38,-12.94,-0.02,-0.03,-0.00
23566,0.60,-0.37,-12.90,-0.02,-0.04,-0.00
23690,0.61,-0.38,-12.92,-0.02,-0.04,-0.00
23815,0.59,-0.37,-12.96,-0.02,-0.04,0.00
23939,0.59,-0.38,-12.95,-0.02,-0.03,-0.00
24063,0.60,-0.37,-12.93,-0.02,-0.03,-0.00
24188,0.61,-0.39,-12.92,-0.02,-0.04,-0.00
24312,0.60,-0.37,-12.93,-0.02,-0.03,-0.00
24436,0.59,-0.37,-12.96,-0.02,-0.04,-0.00
24595,0.60,-0.38,-12.93,-0.02,-0.03,-0.00
24719,0.61,-0.37,-12.94,-0.02,-0.03,-0.00
24843,0.61,-0.37,-12.93,-0.02,-0.04,-0.00
24968,0.60,-0.36,-12.92,-0.02,-0.03,-0.00
25092,0.60,-0.39,-12.94,-0.02,-0.04,-0.00
25216,0.61,-0.38,-12.96,-0.02,-0.03,-0.00
25341,0.61,-0.37,-12.92,-0.02,-0.03,-0.00
25465,0.60,-0.39,-12.95,-0.02,-0.03,-0.00
25589,0.62,-0.37,-12.92,-0.02,-0.03,-0.00
25713,0.61,-0.36,-12.96,-0.02,-0.03,-0.00
25871,0.60,-0.39,-12.94,-0.02,-0.03,-0.00
25995,0.62,-0.37,-12.93,-0.02,-0.03,-0.00
26119,0.62,-0.36,-12.94,-0.02,-0.03,-0.00
26243,0.62,-0.38,-12.93,-0.02,-0.04,-0.00
26367,0.58,-0.37,-12.94,-0.02,-0.03,0.00
26491,0.59,-0.37,-12.94,-0.02,-0.04,-0.00
26616,0.61,-0.36,-12.94,-0.02,-0.04,-0.00
26740,0.60,-0.36,-12.93,-0.02,-0.04,-0.00
26865,0.60,-0.37,-12.93,-0.02,-0.03,-0.00
26989,0.62,-0.38,-12.93,-0.02,-0.04,-0.00
27113,0.62,-0.36,-12.95,-0.02,-0.03,-0.00
27238,0.61,-0.38,-12.95,-0.02,-0.04,-0.00
27362,0.61,-0.36,-12.94,-0.02,-0.03,-0.00
27486,0.62,-0.38,-12.91,-0.02,-0.04,-0.00
27611,0.60,-0.38,-12.95,-0.02,-0.04,-0.00
27735,0.60,-0.37,-12.96,-0.02,-0.03,-0.00
27859,0.61,-0.37,-12.92,-0.02,-0.04,-0.00
27983,0.61,-0.35,-12.91,-0.02,-0.03,-0.00
28108,0.60,-0.37,-12.90,-0.02,-0.03,-0.00
28232,0.61,-0.39,-12.93,-0.02,-0.03,-0.00
28357,0.60,-0.36,-12.94,-0.02,-0.04,-0.00
28481,0.60,-0.38,-12.93,-0.02,-0.04,-0.00
28605,0.61,-0.38,-12.90,-0.02,-0.04,-0.00
28730,0.60,-0.36,-12.93,-0.02,-0.03,-0.00
28854,0.60,-0.39,-12.91,-0.02,-0.04,-0.00
28978,0.58,-0.36,-12.91,-0.02,-0.04,-0.00
29103,0.62,-0.37,-12.90,-0.02,-0.03,-0.00
29227,0.62,-0.36,-12.91,-0.02,-0.03,-0.00
29351,0.59,-0.38,-12.93,-0.02,-0.03,-0.00
29476,0.62,-0.38,-12.95,-0.02,-0.03,-0.00
29600,0.60,-0.38,-12.93,-0.02,-0.03,-0.00
29724,0.60,-0.36,-12.91,-0.02,-0.04,-0.00
29848,0.62,-0.37,-12.93,-0.02,-0.04,-0.00
29972,0.61,-0.37,-12.93,-0.02,-0.04,-0.00
30097,0.60,-0.36,-12.92,-0.02,-0.03,0.00
30221,0.60,-0.38,-12.90,-0.02,-0.03,-0.00
30345,0.61,-0.37,-12.93,-0.02,-0.03,-0.00
30470,0.61,-0.39,-12.91,-0.02,-0.03,-0.00
30594,0.60,-0.36,-12.97,-0.02,-0.03,-0.00
30718,0.60,-0.37,-12.93,-0.02,-0.04,-0.00
30843,0.61,-0.36,-12.95,-0.02,-0.03,-0.00
30967,0.60,-0.38,-12.94,-0.02,-0.03,-0.00
31091,0.60,-0.37,-12.95,-0.02,-0.04,-0.00
31216,0.61,-0.36,-12.95,-0.02,-0.03,-0.00
31340,0.60,-0.36,-12.93,-0.02,-0.04,-0.00
31464,0.62,-0.37,-12.96,-0.02,-0.03,-0.00
31588,0.62,-0.38,-12.96,-0.02,-0.04,-0.00
31713,0.59,-0.36,-12.95,-0.02,-0.03,-0.00
31837,0.61,-0.36,-12.91,-0.02,-0.03,-0.00
31961,0.60,-0.37,-12.94,-0.02,-0.04,-0.00
32085,0.60,-0.36,-12.96,-0.02,-0.04,-0.00
32209,0.62,-0.36,-12.93,-0.02,-0.04,-0.00
32333,0.59,-0.36,-12.96,-0.02,-0.03,-0.00
32491,0.60,-0.37,-12.94,-0.02,-0.03,-0.00
32615,0.58,-0.38,-12.92,-0.02,-0.03,-0.00
32743,0.60,-0.38,-12.93,-0.02,-0.03,-0.00
32868,0.60,-0.39,-12.94,-0.02,-0.03,-0.00
32992,0.60,-0.38,-12.92,-0.02,-0.04,-0.00
33116,0.60,-0.37,-12.94,-0.02,-0.03,-0.00
33241,0.62,-0.37,-12.95,-0.02,-0.03,-0.00
33365,0.60,-0.36,-12.94,-0.02,-0.03,-0.00
33523,0.62,-0.36,-12.92,-0.02,-0.04,-0.00
33647,0.60,-0.36,-12.92,-0.02,-0.04,-0.00
33771,0.60,-0.38,-12.93,-0.02,-0.03,-0.00
33896,0.61,-0.39,-12.92,-0.02,-0.03,-0.00
34020,0.60,-0.38,-12.94,-0.02,-0.04,-0.00
34144,0.61,-0.38,-12.94,-0.02,-0.03,-0.00
34269,0.63,-0.37,-12.93,-0.02,-0.04,-0.00
34393,0.60,-0.37,-12.93,-0.02,-0.03,-0.00
34518,0.59,-0.37,-12.95,-0.02,-0.03,-0.00
34642,0.61,-0.36,-12.94,-0.02,-0.03,-0.00
34766,0.62,-0.35,-12.94,-0.02,-0.04,0.00
34891,0.59,-0.36,-12.92,-0.02,-0.03,-0.00
35015,0.60,-0.37,-12.95,-0.02,-0.04,0.00
35139,0.63,-0.36,-12.92,-0.02,-0.03,-0.00
35264,0.60,-0.40,-12.94,-0.02,-0.03,-0.00
35388,0.61,-0.37,-12.95,-0.02,-0.03,-0.00
35512,0.62,-0.37,-12.95,-0.02,-0.03,-0.00
35637,0.61,-0.37,-12.91,-0.02,-0.03,-0.00
35761,0.58,-0.35,-12.94,-0.02,-0.04,-0.00
35886,0.61,-0.36,-12.93,-0.02,-0.03,-0.00
36010,0.61,-0.36,-12.95,-0.02,-0.03,-0.00
36134,0.60,-0.39,-12.90,-0.02,-0.04,-0.00
36259,0.60,-0.37,-12.94,-0.02,-0.04,-0.00
36383,0.62,-0.37,-12.93,-0.02,-0.03,-0.00
36507,0.61,-0.37,-12.95,-0.02,-0.04,-0.00
36632,0.62,-0.37,-12.94,-0.02,-0.03,-0.00
36756,0.60,-0.39,-12.94,-0.02,-0.04,-0.00
36880,0.61,-0.36,-12.96,-0.02,-0.04,-0.00
37005,0.61,-0.36,-12.95,-0.02,-0.04,-0.00
37129,0.60,-0.37,-12.94,-0.02,-0.04,-0.00
37254,0.61,-0.38,-12.92,-0.02,-0.04,-0.00
37378,0.60,-0.36,-12.95,-0.02,-0.03,-0.00
37502,0.62,-0.36,-12.93,-0.02,-0.04,-0.00
37626,0.61,-0.37,-12.92,-0.02,-0.04,-0.00
37750,0.63,-0.38,-12.92,-0.02,-0.03,-0.00
37874,0.61,-0.36,-12.93,-0.02,-0.03,-0.00
37999,0.60,-0.37,-12.95,-0.02,-0.03,-0.00
38123,0.59,-0.35,-12.91,-0.02,-0.04,-0.00
38247,0.61,-0.38,-12.94,-0.02,-0.04,-0.00
38371,0.60,-0.36,-12.93,-0.02,-0.04,-0.00
38495,0.60,-0.36,-12.94,-0.02,-0.04,-0.00
38619,0.61,-0.37,-12.94,-0.02,-0.04,-0.00
38744,0.62,-0.38,-12.94,-0.02,-0.04,-0.00
38868,0.60,-0.38,-12.93,-0.02,-0.04,-0.00
38993,0.61,-0.38,-12.92,-0.02,-0.03,-0.00
39117,0.60,-0.38,-12.94,-0.02,-0.03,-0.00
39241,0.61,-0.39,-12.92,-0.02,-0.04,-0.00
39366,0.59,-0.36,-12.96,-0.02,-0.03,-0.00
39490,0.60,-0.38,-12.96,-0.02,-0.03,-0.00
39614,0.62,-0.39,-12.93,-0.02,-0.03,-0.00
39739,0.62,-0.39,-12.93,-0.02,-0.03,-0.00
39863,0.61,-0.38,-12.92,-0.02,-0.03,0.00
39987,0.59,-0.37,-12.94,-0.02,-0.04,-0.00
40112,0.62,-0.37,-12.95,-0.02,-0.03,-0.00
40236,0.59,-0.37,-12.94,-0.02,-0.03,-0.00
40394,0.60,-0.37,-12.96,-0.02,-0.03,-0.00
40519,0.60,-0.38,-12.95,-0.02,-0.03,-0.00
40643,0.61,-0.36,-12.90,-0.02,-0.03,-0.00
40767,0.60,-0.39,-12.94,-0.02,-0.04,0.00
40892,0.59,-0.37,-12.94,-0.02,-0.04,0.00
41016,0.62,-0.38,-12.93,-0.02,-0.03,-0.00
41140,0.61,-0.35,-12.92,-0.02,-0.03,-0.00
41298,0.60,-0.37,-12.92,-0.02,-0.04,-0.00
41422,0.60,-0.38,-12.95,-0.02,-0.04,-0.00
41547,0.61,-0.37,-12.96,-0.02,-0.03,-0.00
41671,0.61,-0.37,-12.93,-0.02,-0.04,-0.00
41796,0.62,-0.37,-12.93,-0.02,-0.03,-0.00
41920,0.60,-0.38,-12.90,-0.02,-0.04,-0.00
42044,0.60,-0.38,-12.95,-0.02,-0.04,-0.00
42169,0.61,-0.35,-12.95,-0.02,-0.04,-0.00
42293,0.62,-0.37,-12.92,-0.02,-0.04,-0.00
42417,0.60,-0.37,-12.92,-0.02,-0.04,-0.00
42542,0.62,-0.38,-12.95,-0.02,-0.03,-0.00
42666,0.61,-0.37,-12.92,-0.02,-0.03,-0.00
42790,0.62,-0.36,-12.92,-0.02,-0.03,0.00
42915,0.60,-0.38,-12.93,-0.02,-0.03,-0.00
43039,0.60,-0.37,-12.93,-0.02,-0.03,-0.00
43163,0.62,-0.38,-12.96,-0.02,-0.04,-0.00
43288,0.63,-0.37,-12.94,-0.02,-0.04,-0.00
43412,0.60,-0.36,-12.94,-0.02,-0.04,-0.00
43536,0.60,-0.36,-12.92,-0.02,-0.03,-0.00
43660,0.61,-0.38,-12.93,-0.02,-0.03,-0.00
43784,0.62,-0.38,-12.95,-0.02,-0.03,-0.00
43908,0.60,-0.38,-12.95,-0.02,-0.03,-0.00
44033,0.61,-0.37,-12.98,-0.02,-0.04,-0.00
44157,0.61,-0.36,-12.95,-0.02,-0.03,-0.00
44281,0.62,-0.37,-12.91,-0.02,-0.04,-0.00
44405,0.60,-0.37,-12.92,-0.02,-0.04,-0.00
44529,0.61,-0.38,-12.95,-0.02,-0.03,-0.00
44653,0.60,-0.38,-12.94,-0.02,-0.04,-0.00
44782,0.61,-0.38,-12.93,-0.02,-0.04,-0.00
44906,0.62,-0.39,-12.94,-0.02,-0.04,-0.00
45030,0.61,-0.37,-12.94,-0.02,-0.04,-0.00
45155,0.62,-0.34,-12.95,-0.02,-0.03,-0.00
45279,0.61,-0.38,-12.92,-0.02,-0.03,-0.00
45403,0.61,-0.38,-12.93,-0.02,-0.03,-0.00
45527,0.61,-0.36,-12.96,-0.02,-0.04,0.00
45652,0.60,-0.36,-12.92,-0.02,-0.03,-0.00
45776,0.62,-0.38,-12.97,-0.02,-0.03,-0.00
45900,0.60,-0.39,-12.94,-0.02,-0.03,-0.00
46025,0.61,-0.38,-12.93,-0.02,-0.03,-0.00
46149,0.60,-0.38,-12.94,-0.02,-0.04,-0.00
46274,0.59,-0.36,-12.93,-0.02,-0.03,-0.00
46398,0.62,-0.38,-12.94,-0.02,-0.03,-0.00
46522,0.60,-0.38,-12.94,-0.02,-0.03,-0.00
46647,0.62,-0.35,-12.95,-0.02,-0.04,-0.00
46771,0.61,-0.38,-12.92,-0.02,-0.03,-0.00
46895,0.60,-0.39,-12.91,-0.02,-0.04,-0.00
47020,0.61,-0.38,-12.92,-0.02,-0.04,-0.00
47144,0.60,-0.36,-12.93,-0.02,-0.03,-0.00
47268,0.61,-0.39,-12.95,-0.02,-0.03,-0.00
47393,0.60,-0.38,-12.90,-0.02,-0.03,-0.00
47517,0.61,-0.36,-12.94,-0.02,-0.04,-0.00
47641,0.61,-0.34,-12.91,-0.02,-0.04,-0.00
47766,0.60,-0.36,-12.92,-0.02,-0.03,-0.00
47890,0.60,-0.37,-12.96,-0.02,-0.04,-0.00
48015,0.60,-0.37,-12.93,-0.02,-0.04,-0.00
48139,0.59,-0.35,-12.93,-0.02,-0.04,-0.00
48297,0.61,-0.36,-12.91,-0.02,-0.03,-0.00
48421,0.60,-0.36,-12.94,-0.02,-0.03,-0.00
48545,0.60,-0.38,-12.93,-0.02,-0.04,-0.00
48670,0.58,-0.37,-12.92,-0.02,-0.04,-0.00
48794,0.60,-0.37,-12.94,-0.02,-0.03,-0.00
48918,0.62,-0.36,-12.94,-0.02,-0.03,-0.00
49076,0.59,-0.36,-12.92,-0.02,-0.03,-0.00
49201,0.61,-0.37,-12.93,-0.02,-0.03,-0.00
49325,0.59,-0.37,-12.92,-0.02,-0.04,-0.00
49449,0.59,-0.39,-12.95,-0.02,-0.04,-0.00
49573,0.61,-0.36,-12.96,-0.02,-0.04,-0.00
49697,0.59,-0.38,-12.95,-0.02,-0.04,-0.00
49822,0.60,-0.36,-12.94,-0.02,-0.03,-0.00
49946,0.62,-0.36,-12.91,-0.02,-0.03,-0.00
50070,0.59,-0.38,-12.93,-0.02,-0.03,-0.00
50194,0.61,-0.37,-12.92,-0.02,-0.03,-0.00
50318,0.61,-0.37,-12.94,-0.02,-0.03,-0.00
50442,0.61,-0.37,-12.94,-0.02,-0.03,-0.00
50567,0.60,-0.37,-12.93,-0.02,-0.04,-0.00
50691,0.61,-0.37,-12.94,-0.02,-0.04,-0.00
50816,0.60,-0.37,-12.94,-0.02,-0.03,-0.00
50940,0.61,-0.37,-12.94,-0.02,-0.04,-0.00
51064,0.60,-0.36,-12.95,-0.02,-0.04,-0.00
51189,0.62,-0.37,-12.93,-0.02,-0.03,-0.00
51313,0.61,-0.37,-12.91,-0.02,-0.03,-0.00
51437,0.60,-0.37,-12.94,-0.02,-0.04,-0.00
51562,0.61,-0.37,-12.94,-0.02,-0.04,-0.00
51686,0.60,-0.38,-12.92,-0.02,-0.03,-0.00
51810,0.60,-0.37,-12.91,-0.02,-0.03,-0.00
51935,0.61,-0.38,-12.94,-0.02,-0.04,0.00
52059,0.61,-0.35,-12.95,-0.02,-0.04,-0.00
52184,0.62,-0.37,-12.88,-0.02,-0.04,-0.00
52308,0.62,-0.37,-12.96,-0.02,-0.04,-0.00
52432,0.60,-0.36,-12.91,-0.02,-0.04,0.00
52557,0.59,-0.37,-12.93,-0.02,-0.04,-0.00
52681,0.61,-0.38,-12.91,-0.02,-0.03,-0.00
52805,0.61,-0.36,-12.94,-0.02,-0.03,-0.00
52930,0.61,-0.37,-12.94,-0.02,-0.03,-0.00
53054,0.59,-0.39,-12.90,-0.02,-0.03,-0.00
53178,0.62,-0.35,-12.95,-0.02,-0.04,0.00
53303,0.59,-0.35,-12.95,-0.02,-0.04,-0.00
53427,0.60,-0.38,-12.93,-0.02,-0.03,-0.00
53551,0.60,-0.37,-12.97,-0.02,-0.03,-0.00
53676,0.63,-0.37,-12.94,-0.02,-0.03,-0.00
53800,0.61,-0.36,-12.90,-0.02,-0.03,-0.00
53925,0.60,-0.38,-12.93,-0.02,-0.04,-0.00
54049,0.59,-0.37,-12.95,-0.02,-0.04,-0.00
54173,0.58,-0.36,-12.92,-0.02,-0.04,-0.00
54298,0.60,-0.37,-12.89,-0.02,-0.04,-0.00
54422,0.60,-0.37,-12.92,-0.02,-0.03,-0.00
54546,0.61,-0.39,-12.96,-0.02,-0.04,-0.00
54671,0.60,-0.37,-12.93,-0.02,-0.04,-0.00
54795,0.61,-0.37,-12.91,-0.02,-0.03,-0.00
54919,0.60,-0.38,-12.94,-0.02,-0.04,-0.00
55044,0.61,-0.38,-12.95,-0.02,-0.03,-0.00
55168,0.59,-0.38,-12.95,-0.02,-0.04,-0.00
55292,0.60,-0.39,-12.92,-0.02,-0.04,-0.00
55417,0.60,-0.40,-12.90,-0.02,-0.04,-0.00
55541,0.61,-0.37,-12.91,-0.02,-0.03,-0.00
55665,0.59,-0.36,-12.91,-0.02,-0.04,-0.00
55789,0.59,-0.36,-12.91,-0.02,-0.04,-0.00
55913,0.61,-0.35,-12.93,-0.02,-0.03,-0.00
56037,0.60,-0.36,-12.94,-0.02,-0.03,-0.00
56195,0.59,-0.37,-12.96,-0.02,-0.04,-0.00
56319,0.62,-0.36,-12.92,-0.02,-0.04,-0.00
56443,0.59,-0.37,-12.95,-0.02,-0.03,-0.00
56567,0.61,-0.37,-12.92,-0.02,-0.03,-0.00
56728,0.60,-0.36,-12.94,-0.02,-0.04,-0.00
56853,0.60,-0.36,-12.94,-0.02,-0.03,-0.00
56977,0.58,-0.39,-12.93,-0.02,-0.04,-0.00
57101,0.60,-0.39,-12.96,-0.02,-0.03,-0.00
57226,0.61,-0.36,-12.95,-0.02,-0.04,-0.00
57350,0.58,-0.36,-12.94,-0.02,-0.04,-0.00
57474,0.60,-0.36,-12.95,-0.02,-0.03,-0.00
57599,0.62,-0.37,-12.92,-0.02,-0.03,-0.00
57723,0.61,-0.37,-12.94,-0.02,-0.04,-0.00
57847,0.62,-0.37,-12.94,-0.02,-0.04,-0.00
57972,0.61,-0.37,-12.94,-0.02,-0.03,-0.00
58096,0.61,-0.35,-12.92,-0.02,-0.04,-0.00
58220,0.60,-0.37,-12.95,-0.02,-0.03,-0.00
58345,0.58,-0.38,-12.94,-0.02,-0.04,-0.00
58469,0.61,-0.37,-12.92,-0.02,-0.03,-0.00
58593,0.61,-0.37,-12.94,-0.02,-0.04,-0.00
58718,0.60,-0.37,-12.96,-0.02,-0.04,-0.00
58842,0.60,-0.37,-12.94,-0.02,-0.04,-0.00
58966,0.61,-0.37,-12.93,-0.02,-0.04,-0.00
59091,0.60,-0.38,-12.96,-0.02,-0.03,-0.00
59215,0.59,-0.37,-12.92,-0.02,-0.04,-0.00
59339,0.62,-0.36,-12.95,-0.02,-0.03,-0.00
59464,0.61,-0.38,-12.92,-0.02,-0.03,-0.00
59588,0.59,-0.38,-12.94,-0.02,-0.04,0.00
59713,0.58,-0.36,-12.93,-0.02,-0.03,0.00
59837,0.62,-0.37,-12.94,-0.02,-0.04,-0.00
59961,0.59,-0.38,-12.94,-0.02,-0.03,-0.00
60086,0.61,-0.38,-12.90,-0.02,-0.04,-0.00
60210,0.60,-0.35,-12.97,-0.02,-0.04,-0.00
60334,0.60,-0.38,-12.94,-0.02,-0.04,-0.00
60459,0.61,-0.37,-12.94,-0.02,-0.03,-0.00
60583,0.61,-0.38,-12.92,-0.02,-0.03,-0.00
60707,0.62,-0.39,-12.92,-0.02,-0.04,-0.00
60832,0.60,-0.36,-12.92,-0.02,-0.04,-0.00
60956,0.60,-0.36,-12.92,-0.02,-0.03,-0.00
61080,0.61,-0.37,-12.94,-0.02,-0.03,-0.00
61205,0.61,-0.37,-12.93,-0.02,-0.03,-0.00
61329,0.62,-0.38,-12.93,-0.02,-0.04,-0.00
61453,0.60,-0.38,-12.93,-0.02,-0.04,-0.00
61577,0.61,-0.39,-12.96,-0.02,-0.04,-0.00
61701,0.61,-0.37,-12.94,-0.02,-0.03,-0.00
61826,0.62,-0.38,-12.95,-0.02,-0.03,-0.00
61950,0.60,-0.38,-12.96,-0.02,-0.04,-0.00
62074,0.60,-0.37,-12.93,-0.02,-0.03,0.00
62198,0.59,-0.37,-12.95,-0.02,-0.03,-0.00
62322,0.61,-0.35,-12.93,-0.02,-0.03,-0.00
62446,0.60,-0.37,-12.95,-0.02,-0.04,-0.00
62570,0.62,-0.38,-12.95,-0.02,-0.03,-0.00
62695,0.61,-0.37,-12.93,-0.02,-0.04,-0.00
62820,0.61,-0.34,-12.90,-0.02,-0.03,-0.00
62944,0.60,-0.37,-12.93,-0.02,-0.04,-0.00
63068,0.61,-0.36,-12.96,-0.02,-0.03,-0.00
63193,0.59,-0.37,-12.92,-0.02,-0.03,-0.00
63317,0.62,-0.38,-12.94,-0.02,-0.04,-0.00
63441,0.62,-0.39,-12.92,-0.02,-0.04,-0.00
63566,0.61,-0.37,-12.94,-0.02,-0.03,-0.00
63690,0.58,-0.37,-12.96,-0.02,-0.04,-0.00
63814,0.61,-0.36,-12.95,-0.02,-0.03,-0.00
63938,0.61,-0.37,-12.93,-0.02,-0.04,-0.00
64096,0.60,-0.37,-12.94,-0.02,-0.03,-0.00
64221,0.61,-0.37,-12.95,-0.02,-0.04,-0.00
64345,0.62,-0.37,-12.96,-0.02,-0.03,-0.00
64503,0.62,-0.38,-12.94,-0.02,-0.03,-0.00
64628,0.61,-0.36,-12.93,-0.02,-0.04,-0.00
64752,0.62,-0.36,-12.93,-0.02,-0.03,-0.00
64876,0.60,-0.36,-12.93,-0.02,-0.04,-0.00
65001,0.60,-0.38,-12.94,-0.02,-0.03,-0.00
65125,0.59,-0.37,-12.92,-0.02,-0.03,-0.00
65250,0.61,-0.38,-12.93,-0.02,-0.04,-0.00
65374,0.62,-0.37,-12.93,-0.02,-0.03,-0.00
65498,0.60,-0.38,-12.92,-0.02,-0.03,-0.00
65623,0.61,-0.36,-12.95,-0.02,-0.03,-0.00
65747,0.60,-0.36,-12.91,-0.02,-0.03,-0.00
65871,0.60,-0.36,-12.95,-0.02,-0.04,-0.00
65996,0.59,-0.36,-12.91,-0.02,-0.03,-0.00
66120,0.61,-0.37,-12.92,-0.02,-0.04,-0.00
66244,0.62,-0.37,-12.93,-0.02,-0.04,-0.00
66369,0.61,-0.35,-12.90,-0.02,-0.03,-0.00
66493,0.64,-0.36,-12.95,-0.02,-0.03,-0.00
66617,0.61,-0.37,-12.94,-0.02,-0.04,0.00
66742,0.59,-0.37,-12.96,-0.02,-0.04,-0.00
66866,0.60,-0.36,-12.96,-0.02,-0.03,-0.00
66990,0.60,-0.36,-12.93,-0.02,-0.04,-0.00
67115,0.61,-0.39,-12.90,-0.02,-0.04,-0.00
67239,0.62,-0.37,-12.92,-0.02,-0.03,0.00
67363,0.62,-0.36,-12.96,-0.02,-0.03,-0.00
67487,0.60,-0.38,-12.95,-0.02,-0.04,-0.00
67612,0.62,-0.37,-12.93,-0.02,-0.04,-0.00
67736,0.61,-0.36,-12.92,-0.02,-0.03,-0.00
67860,0.62,-0.36,-12.94,-0.02,-0.03,-0.00
67984,0.61,-0.37,-12.92,-0.02,-0.04,-0.00
68108,0.62,-0.37,-12.95,-0.02,-0.04,-0.00
68232,0.60,-0.36,-12.92,-0.02,-0.04,-0.00
68357,0.59,-0.38,-12.95,-0.02,-0.04,-0.00
68481,0.59,-0.37,-12.93,-0.02,-0.03,-0.00
68609,0.60,-0.36,-12.94,-0.02,-0.03,-0.00
68733,0.61,-0.39,-12.96,-0.02,-0.03,-0.00
68857,0.62,-0.36,-12.93,-0.02,-0.04,-0.00
68982,0.59,-0.36,-12.92,-0.02,-0.03,-0.00
69106,0.61,-0.37,-12.92,-0.02,-0.03,-0.00
69230,0.60,-0.37,-12.94,-0.02,-0.03,-0.00
69355,0.60,-0.38,-12.90,-0.02,-0.03,-0.00
69479,0.61,-0.38,-12.92,-0.02,-0.03,-0.00
69603,0.61,-0.38,-12.93,-0.02,-0.03,-0.00
69728,0.60,-0.36,-12.93,-0.02,-0.03,-0.00
69852,0.62,-0.36,-12.94,-0.02,-0.04,-0.00
69976,0.60,-0.37,-12.95,-0.02,-0.03,-0.00
70101,0.61,-0.37,-12.92,-0.02,-0.04,-0.00
70225,0.61,-0.36,-12.92,-0.02,-0.03,-0.00
70350,0.62,-0.36,-12.94,-0.02,-0.03,-0.00
70474,0.59,-0.36,-12.93,-0.02,-0.03,-0.00
70598,0.60,-0.38,-12.93,-0.02,-0.03,-0.00
70723,0.62,-0.36,-12.91,-0.02,-0.03,-0.00
70847,0.61,-0.36,-12.95,-0.02,-0.03,-0.00
70971,0.62,-0.36,-12.96,-0.02,-0.04,-0.00
71096,0.62,-0.38,-12.95,-0.02,-0.03,0.00
71220,0.60,-0.36,-12.93,-0.02,-0.04,-0.00
71344,0.61,-0.38,-12.90,-0.02,-0.04,-0.00
71469,0.60,-0.37,-12.95,-0.02,-0.04,-0.00
71593,0.61,-0.35,-12.95,-0.02,-0.03,-0.00
71718,0.60,-0.37,-12.95,-0.02,-0.04,-0.00
71842,0.61,-0.36,-12.94,-0.02,-0.03,-0.00
72000,0.60,-0.38,-12.92,-0.02,-0.03,-0.00
72124,0.62,-0.35,-12.94,-0.02,-0.03,0.00
72282,0.62,-0.36,-12.94,-0.02,-0.04,-0.00
72406,0.61,-0.37,-12.95,-0.02,-0.04,-0.00
72531,0.60,-0.37,-12.95,-0.02,-0.03,-0.00
72655,0.62,-0.38,-12.92,-0.02,-0.03,-0.00
72779,0.61,-0.35,-12.94,-0.02,-0.03,0.00
72904,0.63,-0.36,-12.93,-0.02,-0.03,-0.00
73028,0.61,-0.37,-12.94,-0.02,-0.03,-0.00
73153,0.62,-0.35,-12.95,-0.02,-0.04,-0.00
73277,0.61,-0.38,-12.92,-0.02,-0.04,-0.00
73401,0.60,-0.36,-12.95,-0.02,-0.03,-0.00
73525,0.61,-0.36,-12.93,-0.02,-0.04,-0.00
73649,0.61,-0.36,-12.93,-0.02,-0.03,-0.00
73773,0.60,-0.37,-12.91,-0.02,-0.04,-0.00
73898,0.62,-0.39,-12.92,-0.02,-0.03,-0.00
74022,0.60,-0.38,-12.91,-0.02,-0.04,-0.00
74146,0.59,-0.36,-12.92,-0.02,-0.03,-0.00
74270,0.62,-0.37,-12.94,-0.02,-0.03,0.00
74394,0.62,-0.38,-12.93,-0.02,-0.04,-0.00
74518,0.59,-0.38,-12.92,-0.02,-0.03,-0.00
74643,0.60,-0.38,-12.93,-0.02,-0.03,0.00
74767,0.62,-0.37,-12.93,-0.02,-0.03,-0.00
74892,0.60,-0.37,-12.95,-0.02,-0.03,-0.00
75016,0.60,-0.34,-12.91,-0.02,-0.04,-0.00
75140,0.63,-0.39,-12.90,-0.02,-0.03,-0.00
75265,0.62,-0.38,-12.92,-0.02,-0.03,-0.00
75389,0.62,-0.37,-12.92,-0.02,-0.03,-0.00
75513,0.58,-0.40,-12.92,-0.02,-0.03,-0.00
75638,0.60,-0.36,-12.94,-0.02,-0.03,-0.00
75762,0.60,-0.36,-12.94,-0.02,-0.04,-0.00
75886,0.61,-0.38,-12.93,-0.02,-0.04,-0.00
76011,0.60,-0.36,-12.94,-0.02,-0.03,-0.00
76135,0.59,-0.38,-12.94,-0.02,-0.04,-0.00
76260,0.61,-0.37,-12.97,-0.02,-0.04,-0.00
76384,0.60,-0.35,-12.89,-0.02,-0.03,-0.00
76508,0.59,-0.37,-12.93,-0.02,-0.03,-0.00
76633,0.61,-0.37,-12.93,-0.02,-0.03,-0.00
76757,0.60,-0.37,-12.94,-0.02,-0.04,-0.00
76881,0.61,-0.35,-12.94,-0.02,-0.03,-0.00
77006,0.59,-0.36,-12.92,-0.02,-0.03,-0.00
77130,0.61,-0.36,-12.93,-0.02,-0.03,-0.00
77254,0.59,-0.36,-12.92,-0.02,-0.03,-0.00
77379,0.61,-0.38,-12.92,-0.02,-0.03,-0.00
77503,0.59,-0.36,-12.92,-0.02,-0.03,-0.00
77628,0.61,-0.38,-12.94,-0.02,-0.03,-0.00
77752,0.62,-0.38,-12.92,-0.02,-0.03,-0.00
77876,0.60,-0.36,-12.93,-0.02,-0.03,0.00
78001,0.61,-0.37,-12.95,-0.02,-0.04,0.00
78125,0.61,-0.37,-12.94,-0.02,-0.03,-0.00
78249,0.59,-0.39,-12.94,-0.02,-0.04,-0.00
78374,0.61,-0.36,-12.92,-0.02,-0.03,-0.00
78498,0.61,-0.37,-12.96,-0.02,-0.04,-0.00
78622,0.62,-0.36,-12.93,-0.02,-0.03,-0.00
78747,0.59,-0.37,-12.92,-0.02,-0.04,-0.00
78871,0.61,-0.37,-12.96,-0.02,-0.03,-0.00
78995,0.60,-0.37,-12.93,-0.02,-0.03,-0.00
79120,0.61,-0.38,-12.96,-0.02,-0.03,-0.00
79244,0.59,-0.38,-12.92,-0.02,-0.03,-0.00
79368,0.61,-0.37,-12.90,-0.02,-0.03,-0.00
79492,0.59,-0.37,-12.93,-0.02,-0.04,-0.00
79616,0.62,-0.37,-12.94,-0.02,-0.04,-0.00
79741,0.62,-0.35,-12.95,-0.02,-0.04,-0.00
79898,0.59,-0.37,-12.96,-0.02,-0.04,-0.00
80057,0.61,-0.39,-12.91,-0.02,-0.03,-0.00
80181,0.61,-0.36,-12.95,-0.02,-0.03,-0.00
80305,0.62,-0.37,-12.93,-0.02,-0.04,-0.00
80429,0.60,-0.38,-12.94,-0.02,-0.04,-0.00
80553,0.59,-0.40,-12.91,-0.02,-0.04,-0.00
80681,0.61,-0.37,-12.93,-0.02,-0.03,0.00
80806,0.62,-0.39,-12.94,-0.02,-0.03,-0.00
80930,0.63,-0.36,-12.96,-0.02,-0.04,-0.00
81054,0.59,-0.35,-12.94,-0.02,-0.03,-0.00
81179,0.59,-0.38,-12.94,-0.02,-0.04,-0.00
81303,0.61,-0.37,-12.92,-0.02,-0.04,-0.00
81427,0.61,-0.37,-12.90,-0.02,-0.04,-0.00
81552,0.59,-0.36,-12.93,-0.02,-0.03,-0.00
81676,0.60,-0.36,-12.92,-0.02,-0.04,-0.00
81800,0.59,-0.36,-12.93,-0.02,-0.03,-0.00
81925,0.60,-0.37,-12.95,-0.02,-0.04,-0.00
82049,0.61,-0.38,-12.88,-0.02,-0.03,-0.00
82173,0.61,-0.37,-12.92,-0.02,-0.03,-0.00
82298,0.60,-0.37,-12.96,-0.02,-0.03,-0.00
82422,0.61,-0.36,-12.93,-0.02,-0.04,-0.00
82546,0.59,-0.39,-12.94,-0.02,-0.04,-0.00
82671,0.62,-0.38,-12.94,-0.02,-0.04,-0.00
82795,0.60,-0.39,-12.97,-0.02,-0.03,-0.00
82919,0.60,-0.37,-12.91,-0.02,-0.04,-0.00
83044,0.62,-0.39,-12.93,-0.02,-0.03,-0.00
83168,0.59,-0.36,-12.95,-0.02,-0.03,-0.00
83292,0.61,-0.38,-12.92,-0.02,-0.04,-0.00
83417,0.61,-0.36,-12.94,-0.02,-0.04,-0.00
83541,0.62,-0.35,-12.91,-0.02,-0.03,-0.00
83666,0.62,-0.36,-12.96,-0.02,-0.03,-0.00
83790,0.60,-0.38,-12.95,-0.02,-0.04,-0.00
83914,0.63,-0.36,-12.92,-0.02,-0.03,-0.00
84039,0.60,-0.35,-12.94,-0.02,-0.03,-0.00
84163,0.61,-0.38,-12.96,-0.02,-0.03,-0.00
84287,0.62,-0.38,-12.94,-0.02,-0.04,-0.00
84412,0.61,-0.39,-12.92,-0.02,-0.03,-0.00
84536,0.61,-0.34,-12.91,-0.02,-0.03,-0.00
84660,0.61,-0.38,-12.96,-0.02,-0.04,-0.00
84785,0.59,-0.36,-12.95,-0.02,-0.04,-0.00
84909,0.61,-0.38,-12.94,-0.02,-0.04,0.00
85033,0.59,-0.37,-12.92,-0.02,-0.03,-0.00
85158,0.58,-0.39,-12.95,-0.02,-0.04,-0.00
85282,0.62,-0.37,-12.95,-0.02,-0.04,-0.00
85406,0.61,-0.36,-12.94,-0.02,-0.03,-0.00
85530,0.61,-0.37,-12.94,-0.02,-0.03,-0.00
85654,0.61,-0.37,-12.93,-0.02,-0.04,0.00
85779,0.61,-0.39,-12.94,-0.02,-0.04,-0.00
85903,0.61,-0.37,-12.95,-0.02,-0.04,-0.00
86027,0.62,-0.35,-12.96,-0.02,-0.04,-0.00
86151,0.59,-0.39,-12.93,-0.02,-0.03,-0.00
86275,0.62,-0.39,-12.95,-0.02,-0.04,-0.00
86399,0.62,-0.38,-12.90,-0.02,-0.04,-0.00
86523,0.61,-0.36,-12.94,-0.02,-0.03,-0.00
86648,0.60,-0.38,-12.96,-0.02,-0.03,-0.00
86773,0.61,-0.37,-12.96,-0.02,-0.04,-0.00
86897,0.62,-0.37,-12.91,-0.02,-0.04,-0.00
87021,0.61,-0.37,-12.95,-0.02,-0.04,-0.00
87146,0.63,-0.38,-12.87,-0.02,-0.04,-0.00
87270,0.62,-0.38,-12.95,-0.02,-0.03,-0.00
87394,0.60,-0.37,-12.92,-0.02,-0.04,-0.00
87518,0.59,-0.37,-12.93,-0.02,-0.03,-0.00
87676,0.62,-0.37,-12.96,-0.02,-0.04,-0.00
87834,0.63,-0.37,-12.93,-0.02,-0.04,-0.00
87958,0.61,-0.37,-12.94,-0.02,-0.04,-0.00
88083,0.62,-0.36,-12.90,-0.02,-0.04,-0.00
88208,0.60,-0.37,-12.93,-0.02,-0.04,-0.00
88332,0.61,-0.38,-12.91,-0.02,-0.04,-0.00
88456,0.62,-0.36,-12.92,-0.02,-0.03,-0.00
88581,0.61,-0.38,-12.94,-0.02,-0.03,-0.00
88705,0.62,-0.38,-12.94,-0.02,-0.03,-0.00
88829,0.62,-0.38,-12.94,-0.02,-0.04,-0.00
88954,0.59,-0.38,-12.94,-0.02,-0.04,-0.00
89078,0.59,-0.36,-12.94,-0.02,-0.03,-0.00
89202,0.61,-0.36,-12.93,-0.02,-0.04,-0.00
89327,0.61,-0.38,-12.93,-0.02,-0.03,-0.00
89451,0.60,-0.36,-12.95,-0.02,-0.03,-0.00
89576,0.60,-0.37,-12.94,-0.02,-0.03,-0.00
89700,0.61,-0.40,-12.92,-0.02,-0.03,-0.00
89824,0.61,-0.38,-12.94,-0.02,-0.04,-0.00
89949,0.61,-0.37,-12.95,-0.02,-0.04,-0.00
90073,0.61,-0.37,-12.94,-0.02,-0.04,-0.00
90197,0.60,-0.38,-12.95,-0.02,-0.03,-0.00
90322,0.61,-0.36,-12.91,-0.02,-0.03,-0.00
90446,0.61,-0.39,-12.90,-0.02,-0.03,-0.00
90570,0.59,-0.39,-12.91,-0.02,-0.03,-0.00
90695,0.61,-0.36,-12.92,-0.02,-0.03,-0.00
90819,0.61,-0.36,-12.93,-0.02,-0.04,-0.00
90943,0.60,-0.36,-12.92,-0.02,-0.04,-0.00
91068,0.61,-0.37,-12.96,-0.02,-0.03,-0.00
91192,0.59,-0.38,-12.93,-0.02,-0.03,-0.00
91316,0.60,-0.36,-12.96,-0.02,-0.04,-0.00
91440,0.60,-0.37,-12.93,-0.02,-0.03,-0.00
91565,0.61,-0.38,-12.94,-0.02,-0.04,-0.00
91689,0.60,-0.37,-12.93,-0.02,-0.03,-0.00
91813,0.59,-0.38,-12.94,-0.02,-0.03,-0.00
91937,0.57,-0.39,-12.91,-0.02,-0.03,-0.00
92061,0.61,-0.37,-12.93,-0.02,-0.04,-0.00
92185,0.61,-0.37,-12.93,-0.02,-0.04,-0.00
92309,0.60,-0.37,-12.91,-0.02,-0.03,-0.00
92434,0.62,-0.38,-12.96,-0.02,-0.04,-0.00
92562,0.61,-0.38,-12.91,-0.02,-0.03,-0.00
92686,0.62,-0.36,-12.93,-0.02,-0.04,-0.00
92810,0.61,-0.37,-12.91,-0.02,-0.03,-0.00
92935,0.59,-0.38,-12.92,-0.02,-0.04,-0.00
93059,0.60,-0.36,-12.92,-0.02,-0.04,-0.00
93183,0.60,-0.37,-12.94,-0.02,-0.04,-0.00
93308,0.60,-0.36,-12.95,-0.02,-0.03,-0.00
93432,0.61,-0.37,-12.93,-0.02,-0.04,-0.00
93556,0.61,-0.36,-12.92,-0.02,-0.04,-0.00
93681,0.62,-0.37,-12.94,-0.02,-0.04,-0.00
93805,0.62,-0.37,-12.94,-0.02,-0.03,-0.00
93929,0.62,-0.37,-12.94,-0.02,-0.04,-0.00
94054,0.61,-0.37,-12.95,-0.02,-0.03,-0.00
94178,0.61,-0.38,-12.96,-0.02,-0.03,-0.00
94303,0.60,-0.37,-12.94,-0.02,-0.03,-0.00
94427,0.59,-0.38,-12.94,-0.02,-0.04,-0.00
94551,0.62,-0.36,-12.93,-0.02,-0.04,-0.00
94676,0.60,-0.38,-12.96,-0.02,-0.04,-0.00
94800,0.61,-0.37,-12.95,-0.02,-0.04,-0.00
94924,0.62,-0.37,-12.93,-0.02,-0.03,-0.00
95049,0.61,-0.37,-12.93,-0.02,-0.03,-0.00
95173,0.61,-0.34,-12.93,-0.02,-0.04,-0.00
95297,0.60,-0.37,-12.92,-0.02,-0.04,-0.00
95455,0.62,-0.34,-12.93,-0.02,-0.04,-0.00
95580,0.63,-0.38,-12.97,-0.02,-0.03,-0.00
95737,0.60,-0.39,-12.92,-0.02,-0.03,-0.00
95862,0.62,-0.37,-12.93,-0.02,-0.04,-0.00
95986,0.62,-0.38,-12.92,-0.02,-0.03,-0.00
96110,0.60,-0.38,-12.95,-0.02,-0.04,-0.00
96235,0.60,-0.37,-12.95,-0.02,-0.04,-0.00
96359,0.60,-0.38,-12.93,-0.02,-0.04,-0.00
96483,0.60,-0.38,-12.96,-0.02,-0.03,-0.00
96608,0.61,-0.37,-12.91,-0.02,-0.04,-0.00
96732,0.60,-0.37,-12.93,-0.02,-0.04,-0.00
96856,0.60,-0.38,-12.96,-0.02,-0.04,-0.00
96981,0.63,-0.37,-12.91,-0.02,-0.04,-0.00
97105,0.59,-0.39,-12.90,-0.02,-0.04,-0.00
97229,0.61,-0.38,-12.94,-0.02,-0.03,-0.00
97353,0.61,-0.36,-12.95,-0.02,-0.03,-0.00
97478,0.61,-0.38,-12.92,-0.02,-0.03,-0.00
97602,0.60,-0.38,-12.93,-0.02,-0.03,-0.00
97726,0.61,-0.38,-12.90,-0.02,-0.04,-0.00
97850,0.60,-0.37,-12.95,-0.02,-0.03,-0.00
97974,0.62,-0.40,-12.92,-0.02,-0.04,-0.00
98098,0.61,-0.38,-12.95,-0.02,-0.03,-0.00
98222,0.60,-0.38,-12.95,-0.02,-0.04,-0.00
98347,0.60,-0.38,-12.95,-0.02,-0.04,-0.00
98471,0.59,-0.37,-12.90,-0.02,-0.03,-0.00
98596,0.61,-0.37,-12.96,-0.02,-0.04,-0.00
98720,0.58,-0.36,-12.92,-0.02,-0.03,-0.00
98844,0.60,-0.36,-12.93,-0.02,-0.03,-0.00
98969,0.60,-0.38,-12.94,-0.02,-0.03,-0.00
99093,0.61,-0.37,-12.95,-0.02,-0.03,-0.00
99217,0.61,-0.39,-12.93,-0.02,-0.04,-0.00
99341,0.61,-0.38,-12.90,-0.02,-0.04,-0.00
99466,0.59,-0.36,-12.94,-0.02,-0.04,-0.00
99590,0.62,-0.38,-12.95,-0.02,-0.04,-0.00
99714,0.60,-0.37,-12.93,-0.02,-0.03,-0.00
99839,0.60,-0.36,-12.92,-0.02,-0.04,-0.00
99963,0.59,-0.37,-12.93,-0.02,-0.04,-0.00
100088,0.62,-0.36,-12.95,-0.02,-0.04,-0.00
100212,0.61,-0.38,-12.92,-0.02,-0.03,-0.00
100336,0.59,-0.40,-12.93,-0.02,-0.03,-0.00
100461,0.62,-0.37,-12.92,-0.02,-0.04,-0.00
100585,0.61,-0.39,-12.93,-0.02,-0.04,-0.00
100709,0.62,-0.37,-12.91,-0.02,-0.04,-0.00
100834,0.61,-0.37,-12.92,-0.02,-0.03,-0.00
100958,0.61,-0.36,-12.95,-0.02,-0.03,-0.00
101082,0.59,-0.37,-12.90,-0.02,-0.03,-0.00
101207,0.60,-0.39,-12.96,-0.02,-0.03,-0.00
101331,0.58,-0.37,-12.94,-0.02,-0.04,0.00
101456,0.59,-0.37,-12.93,-0.02,-0.04,-0.00
101580,0.64,-0.37,-12.95,-0.02,-0.04,-0.00
101704,0.59,-0.37,-12.92,-0.02,-0.03,-0.00
101829,0.62,-0.38,-12.96,-0.02,-0.03,-0.00
101953,0.61,-0.38,-12.93,-0.02,-0.04,-0.00
102077,0.61,-0.39,-12.91,-0.02,-0.03,-0.00
102202,0.60,-0.35,-12.93,-0.02,-0.03,-0.00
102326,0.62,-0.33,-12.95,-0.02,-0.03,-0.00
102450,0.59,-0.36,-12.95,-0.02,-0.04,-0.00
102575,0.60,-0.37,-12.94,-0.02,-0.04,0.00
102699,0.60,-0.38,-12.92,-0.02,-0.03,-0.00
102823,0.59,-0.36,-12.92,-0.02,-0.04,-0.00
102948,0.61,-0.39,-12.94,-0.02,-0.04,-0.00
103072,0.62,-0.38,-12.93,-0.02,-0.04,-0.00
103230,0.60,-0.36,-12.92,-0.02,-0.04,-0.00
103354,0.59,-0.37,-12.93,-0.02,-0.04,-0.00
103478,0.61,-0.37,-12.93,-0.02,-0.03,-0.00
103636,0.62,-0.38,-12.93,-0.02,-0.04,-0.00
103760,0.61,-0.38,-12.93,-0.02,-0.04,-0.00
103884,0.60,-0.38,-12.93,-0.02,-0.03,-0.00
104008,0.61,-0.37,-12.95,-0.02,-0.03,-0.00
104132,0.60,-0.37,-12.94,-0.02,-0.03,-0.00
104256,0.60,-0.38,-12.92,-0.02,-0.03,-0.00
104381,0.62,-0.38,-12.93,-0.02,-0.04,-0.00
104509,0.62,-0.38,-12.94,-0.02,-0.03,-0.00
104633,0.58,-0.37,-12.92,-0.02,-0.04,-0.00
104757,0.59,-0.37,-12.91,-0.02,-0.03,-0.00
104882,0.60,-0.37,-12.94,-0.02,-0.04,-0.00
105006,0.62,-0.38,-12.95,-0.02,-0.03,-0.00
105130,0.62,-0.38,-12.93,-0.02,-0.04,-0.00
105255,0.61,-0.36,-12.91,-0.02,-0.04,-0.00
105379,0.59,-0.37,-12.90,-0.02,-0.03,-0.00
105503,0.61,-0.39,-12.95,-0.02,-0.04,-0.00
105628,0.59,-0.37,-12.93,-0.02,-0.03,-0.00
105752,0.61,-0.36,-12.92,-0.02,-0.03,-0.00
105877,0.59,-0.36,-12.93,-0.02,-0.03,-0.00
106001,0.60,-0.37,-12.93,-0.02,-0.04,-0.00
106125,0.62,-0.37,-12.93,-0.02,-0.04,-0.00
106250,0.61,-0.38,-12.94,-0.02,-0.04,-0.00
106374,0.61,-0.36,-12.92,-0.02,-0.04,-0.00
106498,0.62,-0.37,-12.91,-0.02,-0.04,-0.00
106623,0.62,-0.37,-12.97,-0.02,-0.03,-0.00
106747,0.60,-0.37,-12.95,-0.02,-0.03,-0.00
106871,0.60,-0.37,-12.92,-0.02,-0.03,0.00
106996,0.59,-0.35,-12.92,-0.02,-0.04,-0.00
107120,0.62,-0.38,-12.95,-0.02,-0.04,-0.00
107244,0.62,-0.38,-12.94,-0.02,-0.04,-0.00
107369,0.59,-0.37,-12.91,-0.02,-0.04,-0.00
107493,0.61,-0.37,-12.93,-0.02,-0.03,-0.00
107618,0.61,-0.37,-12.92,-0.02,-0.03,-0.00
107742,0.60,-0.37,-12.90,-0.02,-0.04,-0.00
107866,0.61,-0.37,-12.95,-0.02,-0.04,-0.00
107991,0.60,-0.39,-12.95,-0.02,-0.03,-0.00
108115,0.60,-0.39,-12.93,-0.02,-0.04,-0.00
108239,0.61,-0.37,-12.93,-0.02,-0.04,-0.00
108364,0.59,-0.38,-12.93,-0.02,-0.03,-0.00
108488,0.60,-0.37,-12.92,-0.02,-0.03,-0.00
108612,0.61,-0.37,-12.94,-0.02,-0.04,-0.00
108737,0.67,-0.39,-12.97,-0.02,-0.04,-0.00
108861,0.58,-0.39,-12.96,-0.02,-0.03,-0.00
108985,0.61,-0.36,-12.95,-0.02,-0.04,-0.00
109109,0.59,-0.41,-12.92,0.01,-0.06,-0.00
109234,0.57,-0.43,-12.92,-0.01,-0.06,0.00
109358,0.56,-0.42,-12.96,-0.02,-0.03,-0.00
109482,0.56,-0.44,-12.94,-0.01,-0.06,0.00
109606,0.57,-0.43,-13.01,-0.01,-0.06,0.00
109730,0.50,-0.45,-12.91,-0.02,-0.02,0.00
109854,0.46,-0.45,-12.93,-0.02,-0.04,0.00
109978,0.44,-0.46,-12.93,-0.02,-0.05,0.00
110103,0.42,-0.49,-12.96,-0.01,-0.06,0.01
110228,0.39,-0.51,-12.96,-0.01,-0.05,0.00
110352,0.40,-0.48,-12.93,-0.03,-0.02,0.00
110476,0.40,-0.51,-12.90,-0.02,-0.04,0.00
110600,0.42,-0.49,-12.93,-0.02,-0.06,0.00
110725,0.40,-0.49,-12.92,-0.03,-0.03,0.00
110882,0.39,-0.49,-12.94,-0.02,-0.05,0.00
111007,0.39,-0.48,-12.93,-0.03,-0.02,0.00
111131,0.41,-0.48,-12.94,-0.02,-0.02,0.00
111255,0.43,-0.50,-12.91,-0.03,-0.01,-0.00
111380,0.42,-0.49,-12.94,-0.03,0.00,-0.00
111537,0.45,-0.47,-12.95,-0.03,-0.01,-0.00
111662,0.48,-0.48,-12.93,-0.02,-0.03,0.00
111786,0.47,-0.46,-12.94,-0.02,-0.04,0.00
111911,0.46,-0.49,-12.92,-0.03,-0.02,0.00
112035,0.46,-0.49,-12.94,-0.03,-0.03,0.00
112159,0.48,-0.48,-12.94,-0.02,-0.03,0.00
